year,stocks,bonds,inflation
1928,0.43811155152887893,0.008354708589799302,-0.0115607
1929,-0.0829794661190966,0.04203804156320426,0.005848
1930,-0.25123636363636365,0.045409314348970366,-0.0639535
1931,-0.4383754889178619,-0.02558855961942253,-0.0931677
1932,-0.08642364532019696,0.08790306990477326,-0.1027397
1933,0.49982225433526023,0.01855272089185736,0.007633600000000001
1934,-0.011885656970912803,0.0796344261796561,0.0151515
1935,0.4674042105263158,0.04472047729656613,0.029850699999999997
1936,0.3194341027550261,0.0501787540454506,0.014492799999999998
1937,-0.3533672875436554,0.01379146059646038,0.028571399999999997
1938,0.29282654028436017,0.04213248532204607,-0.0277778
1939,-0.010975646879756443,0.04412261394206067,0.0
1940,-0.10672873194221515,0.05402481596284551,0.0071429
1941,-0.1277145557655955,-0.020221975848580105,0.09929080000000001
1942,0.19173762945914843,0.022948682374484164,0.0903226
1943,0.25061310133060394,0.0249,0.0295858
1944,0.1903067694944301,0.025776111579070303,0.0229885
1945,0.358210843373494,0.03804417341923723,0.0224719
1946,-0.08429147465437781,0.031283745375695685,0.1813187
1947,0.052,0.009196968062832236,0.08837210000000001
1948,0.057045751633986834,0.019510369413175046,0.0299145
1949,0.18303223684210526,0.04663485182797314,-0.0207469
1950,0.30805539011316263,0.00429595741710961,0.059322
1951,0.2367846304454234,-0.0029531392208319886,0.06
1952,0.18150988641144306,0.022679961918305656,0.0075472
1953,-0.012082047421904465,0.04143840258908851,0.007490599999999999
1954,0.525633212414349,0.032898034558095555,-0.0074348999999999995
1955,0.3259733185102835,-0.013364391288618781,0.0037452999999999996
1956,0.07439511873350935,-0.022557738173154165,0.029850699999999997
1957,-0.1045736018855796,0.0679701284662499,0.0289855
1958,0.43719954988747184,-0.020990181755274694,0.0176056
1959,0.12056457163557326,-0.026466312591385065,0.017301
1960,0.00336535314743695,0.11639503690963365,0.0136054
1961,0.2663771295818275,0.020609208076323167,0.006711399999999999
1962,-0.08811460517120888,0.05693544054008462,0.0133333
1963,0.22611927099841514,0.016841620739546127,0.0164474
1964,0.16415455878432425,0.037280648911540815,0.0097087
1965,0.12399242477876114,0.007188550935926234,0.0192308
1966,-0.0997095423563779,0.029079409324299622,0.0345912
1967,0.23802966513133328,-0.015806209932824666,0.030395099999999998
1968,0.10814862651601535,0.032746196950768365,0.0471976
1969,-0.08241371076449064,-0.050140493209926106,0.0619718
1970,0.03561144905496419,0.16754737183412338,0.0557029
1971,0.14221150298426474,0.09786896619712297,0.0326633
1972,0.18755362915074925,0.02818449050444969,0.0340633
1973,-0.14308047437526472,0.036586646024150085,0.0870588
1974,-0.2590178575089697,0.019886086932378574,0.1233766
1975,0.36995137106184356,0.03605253602603384,0.0693642
1976,0.23830999002106662,0.1598456074290921,0.0486486
1977,-0.06979704075935232,0.012899606071070449,0.06701030000000001
1978,0.0650928391167193,-0.007775806907508648,0.0901771
1979,0.18519490167516386,0.006707203124723546,0.13293939999999999
1980,0.3173524550676301,-0.02989744251999403,0.125163
1981,-0.04702390247495576,0.08199215335892354,0.0892236
1982,0.20419055079559353,0.32814549486295586,0.0382979
1983,0.22337155858930619,0.032002094451429264,0.0379098
1984,0.0614614199963621,0.13733364344102345,0.0394867
1985,0.3123514948576895,0.2571248821260641,0.0379867
1986,0.18494578758046187,0.24284215141767618,0.010979000000000001
1987,0.05812721641821871,-0.04960508937926228,0.0443439
1988,0.16537192812044688,0.08223595843484167,0.0441941
1989,0.31475183638196724,0.17693647159446219,0.04647300000000001
1990,-0.03064451612903212,0.06235375333553336,0.061062599999999995
1991,0.3023484313487976,0.15004510019517303,0.0306428
1992,0.07493727972380064,0.09361637316207942,0.0290065
1993,0.0996705147919488,0.14210957589263107,0.027484099999999997
1994,0.013259206774573897,-0.08036655550998592,0.026749000000000002
1995,0.3719519890260631,0.23480780112538907,0.0253841
1996,0.2268096601886579,0.01428607793401844,0.0332248
1997,0.33103653103653097,0.09939130272977531,0.017023999999999997
1998,0.28337953278443584,0.14921431922606215,0.016119
1999,0.20885350992084475,-0.08254214796268576,0.026845599999999997
2000,-0.09031818955249278,0.16655267125397488,0.0338681
2001,-0.11849759142000185,0.055721811892492555,0.0155172
2002,-0.219660479579127,0.15116400378109285,0.0237691
2003,0.2835580005001023,0.003753185881775853,0.0187949
2004,0.10742775944096193,0.04490683702274547,0.0325556
2005,0.048344775232688535,0.028675329597779506,0.0341566
2006,0.15612557979315703,0.019610012417568386,0.0254065
2007,0.054847352464217694,0.10209921930012807,0.0408127
2008,-0.3655234411179819,0.20101279926977011,0.0009141
2009,0.2593523387766398,-0.11116695313259162,0.0272133
2010,0.14821092278719414,0.08462933880355772,0.014957199999999999
2011,0.0209837473362805,0.16035334999461354,0.0296242
2012,0.15890585241730293,0.02971571978018946,0.0174102
2013,0.32145085858125483,-0.09104568794347262,0.0150174
2014,0.13524421649462237,0.10746180452004755,0.0075649
2015,0.013788916411676138,0.012842996709792224,0.007295199999999999
2016,0.11773080874798171,0.006905504698747792,0.0207462
2017,0.2160548143449928,0.028017162707789457,0.0210908
2018,-0.04226869289088544,-0.00016692385713402633,0.0191016
2019,0.31211679996808755,0.09635630741548393,0.0228513
2020,0.18023201827422478,0.1133189764661412,0.0136201
2021,0.2846885175196416,-0.04416034448604475,0.07036400000000001
2022,-0.18037505927178585,-0.1782817153825067,0.06454399999999999
2023,0.26060684985024096,0.0388,0.0335212
2024,0.24878611262526726,-0.016371801436629807,0.0288806
2025,0.17723658237597398,0.07795480870767396,0.027350799999999998
