year,inflation
1928,-0.011560693641618491
1929,0.005847953216374213
1930,-0.06395348837209291
1931,-0.0931677018633541
1932,-0.10273972602739723
1933,0.007633587786259444
1934,0.015151515151515138
1935,0.029850746268656803
1936,0.014492753623188248
1937,0.028571428571428692
1938,-0.02777777777777779
1939,0.0
1940,0.0071428571428571175
1941,0.09929078014184389
1942,0.0903225806451613
1943,0.029585798816567976
1944,0.02298850574712663
1945,0.022471910112359383
1946,0.18131868131868134
1947,0.08837209302325566
1948,0.02991452991453003
1949,-0.020746887966805017
1950,0.05932203389830493
1951,0.06000000000000005
1952,0.007547169811320753
1953,0.0074906367041198685
1954,-0.0074349442379182396
1955,0.0037453183520599342
1956,0.029850746268656803
1957,0.02898550724637672
1958,0.01760563380281699
1959,0.01730103806228378
1960,0.013605442176870763
1961,0.006711409395973034
1962,0.013333333333333197
1963,0.016447368421052655
1964,0.009708737864077666
1965,0.019230769230769384
1966,0.03459119496855334
1967,0.03039513677811545
1968,0.0471976401179941
1969,0.06197183098591563
1970,0.055702917771883076
1971,0.03266331658291466
1972,0.03406326034063256
1973,0.08705882352941186
1974,0.12337662337662336
1975,0.06936416184971095
1976,0.048648648648648596
1977,0.0670103092783505
1978,0.09017713365539448
1979,0.13293943870014768
1980,0.1251629726205996
1981,0.0892236384704519
1982,0.038297872340425476
1983,0.037909836065573854
1984,0.03948667324777877
1985,0.037986704653371284
1986,0.010978956999085021
1987,0.044343891402715
1988,0.04419410745233954
1989,0.04647302904564321
1990,0.0610626486915149
1991,0.03064275037369213
1992,0.029006526468455363
1993,0.02748414376321362
1994,0.02674897119341546
1995,0.025384101536406245
1996,0.03322475570032579
1997,0.017023959646910614
1998,0.016119032858028515
1999,0.02684563758389258
2000,0.03386809269162194
2001,0.01551724137931032
2002,0.02376910016977929
2003,0.018794914317302513
2004,0.03255561584373301
2005,0.03415659485023648
2006,0.025406504065040636
2007,0.04081268582755193
2008,0.0009141290064560437
2009,0.027213311262058282
2010,0.014957235273143077
2011,0.029624188448710953
2012,0.01741022368747558
2013,0.01501735619618394
2014,0.007564932696557447
2015,0.007295197860415881
2016,0.02074622132966919
2017,0.021090824745684245
2018,0.019101588486313714
2019,0.022851297401217163
2020,0.013620054947193205
2021,0.07036402865545144
2022,0.0645440133141082
2023,0.033521228314302265
2024,0.02888057219980067
2025,0.026770805278750087
