year,stocks
1928,0.3812953049888399
1929,-0.04206106247432284
1930,-0.2401291959908617
1931,-0.41775862758062154
1932,-0.11045355729053752
1933,0.5441716375944974
1934,-0.028001016782678523
1935,0.4701557632316651
1936,0.35750551339919756
1937,-0.3192989320907813
1938,0.2248425869304611
1939,0.020102712645297283
1940,-0.09664887419856583
1941,-0.10742296914099525
1942,0.17159749804925828
1943,0.27002959471607957
1944,0.20018289516842436
1945,0.3813967069059525
1946,-0.09086036237649209
1947,0.04482210976988554
1948,0.06871343787193585
1949,0.1646767707339034
1950,0.2787220082689088
1951,0.2679781631984084
1952,0.1792155782821896
1953,0.0098867721667657
1954,0.4805558266365022
1955,0.34953178794181117
1956,0.06312078059632809
1957,-0.0965889201502792
1958,0.37779324081714405
1959,0.13915393154712374
1960,-0.004348918908978594
1961,0.3009502392517247
1962,-0.0972091434961948
1963,0.22189218666955268
1964,0.16576515456421603
1965,0.1254233626142982
1966,-0.08333848931252907
1967,0.20939603295899367
1968,0.15201453994606573
1969,-0.11670507993815249
1970,0.026872307938396123
1971,0.1365304757429635
1972,0.21878133629655494
1973,-0.1685841820188565
1974,-0.2609544236254556
1975,0.3804279909193713
1976,0.22519213217310696
1977,-0.06305244416709987
1978,0.07820935072149582
1979,0.18159969683516297
1980,0.3022895211596057
1981,-0.024992234436277294
1982,0.19204591520950376
1983,0.23170662118134122
1984,0.04721854661252367
1985,0.3135770432222782
1986,0.24119235832244712
1987,-0.001050465923245092
1988,0.18795832689502712
1989,0.3021080243420513
1990,-0.023500245564228917
1991,0.22069447446274126
1992,0.15505602121062956
1993,0.09960391171568439
1994,0.004568193224462336
1995,0.3841977219744439
1996,0.23562919975964003
1997,0.31771500298336885
1998,0.25492459631092235
1999,0.2155798719452966
2000,-0.05754530730020457
2001,-0.12820683273716182
2002,-0.2018608098009338
2003,0.2226303581821778
2004,0.12816034620628414
2005,0.0708551193628133
2006,0.14266539628540897
2007,0.06313479744736683
2008,-0.39232806986334345
2009,0.3003007486401985
2010,0.1401613229360752
2011,0.021045256087038444
2012,0.16799077615573044
2013,0.2971480385691474
2014,0.15863400121076898
2015,0.020379230337262966
2016,0.11731441807475562
2017,0.2091210485174564
2018,-0.01820958928274874
2019,0.2615290488979718
2020,0.18498732394424033
2021,0.2826065741300492
2022,-0.1498509425789467
